{
	"spins": false,
	"energy": false,
	"magnetization": true,
	"measurement_count": 0,
	"sweep_per_measure": 25,
	
	"field" : [
		1.0,
		1.0
	],

	"temp" : [
			 1.00000000, 1.002002  , 1.004004  , 1.00600601, 1.00800801,
       1.01001001, 1.01201201, 1.01401401, 1.01601602, 1.01801802,
       1.02002002, 1.02202202, 1.02402402, 1.02602603, 1.02802803,
       1.03003003, 1.03203203, 1.03403403, 1.03603604, 1.03803804,
       1.04004004, 1.04204204, 1.04404404, 1.04604605, 1.04804805,
       1.05005005, 1.05205205, 1.05405405, 1.05605606, 1.05805806,
       1.06006006, 1.06206206, 1.06406406, 1.06606607, 1.06806807,
       1.07007007, 1.07207207, 1.07407407, 1.07607608, 1.07807808,
       1.08008008, 1.08208208, 1.08408408, 1.08608609, 1.08808809,
       1.09009009, 1.09209209, 1.09409409, 1.0960961 , 1.0980981 ,
       1.1001001 , 1.1021021 , 1.1041041 , 1.10610611, 1.10810811,
       1.11011011, 1.11211211, 1.11411411, 1.11611612, 1.11811812,
       1.12012012, 1.12212212, 1.12412412, 1.12612613, 1.12812813,
       1.13013013, 1.13213213, 1.13413413, 1.13613614, 1.13813814,
       1.14014014, 1.14214214, 1.14414414, 1.14614615, 1.14814815,
       1.15015015, 1.15215215, 1.15415415, 1.15615616, 1.15815816,
       1.16016016, 1.16216216, 1.16416416, 1.16616617, 1.16816817,
       1.17017017, 1.17217217, 1.17417417, 1.17617618, 1.17817818,
       1.18018018, 1.18218218, 1.18418418, 1.18618619, 1.18818819,
       1.19019019, 1.19219219, 1.19419419, 1.1961962 , 1.1981982 ,
       1.2002002 , 1.2022022 , 1.2042042 , 1.20620621, 1.20820821,
       1.21021021, 1.21221221, 1.21421421, 1.21621622, 1.21821822,
       1.22022022, 1.22222222, 1.22422422, 1.22622623, 1.22822823,
       1.23023023, 1.23223223, 1.23423423, 1.23623624, 1.23823824,
       1.24024024, 1.24224224, 1.24424424, 1.24624625, 1.24824825,
       1.25025025, 1.25225225, 1.25425425, 1.25625626, 1.25825826,
       1.26026026, 1.26226226, 1.26426426, 1.26626627, 1.26826827,
       1.27027027, 1.27227227, 1.27427427, 1.27627628, 1.27827828,
       1.28028028, 1.28228228, 1.28428428, 1.28628629, 1.28828829,
       1.29029029, 1.29229229, 1.29429429, 1.2962963 , 1.2982983 ,
       1.3003003 , 1.3023023 , 1.3043043 , 1.30630631, 1.30830831,
       1.31031031, 1.31231231, 1.31431431, 1.31631632, 1.31831832,
       1.32032032, 1.32232232, 1.32432432, 1.32632633, 1.32832833,
       1.33033033, 1.33233233, 1.33433433, 1.33633634, 1.33833834,
       1.34034034, 1.34234234, 1.34434434, 1.34634635, 1.34834835,
       1.35035035, 1.35235235, 1.35435435, 1.35635636, 1.35835836,
       1.36036036, 1.36236236, 1.36436436, 1.36636637, 1.36836837,
       1.37037037, 1.37237237, 1.37437437, 1.37637638, 1.37837838,
       1.38038038, 1.38238238, 1.38438438, 1.38638639, 1.38838839,
       1.39039039, 1.39239239, 1.39439439, 1.3963964 , 1.3983984 ,
       1.4004004 , 1.4024024 , 1.4044044 , 1.40640641, 1.40840841,
       1.41041041, 1.41241241, 1.41441441, 1.41641642, 1.41841842,
       1.42042042, 1.42242242, 1.42442442, 1.42642643, 1.42842843,
       1.43043043, 1.43243243, 1.43443443, 1.43643644, 1.43843844,
       1.44044044, 1.44244244, 1.44444444, 1.44644645, 1.44844845,
       1.45045045, 1.45245245, 1.45445445, 1.45645646, 1.45845846,
       1.46046046, 1.46246246, 1.46446446, 1.46646647, 1.46846847,
       1.47047047, 1.47247247, 1.47447447, 1.47647648, 1.47847848,
       1.48048048, 1.48248248, 1.48448448, 1.48648649, 1.48848849,
       1.49049049, 1.49249249, 1.49449449, 1.4964965 , 1.4984985 ,
       1.5005005 , 1.5025025 , 1.5045045 , 1.50650651, 1.50850851,
       1.51051051, 1.51251251, 1.51451451, 1.51651652, 1.51851852,
       1.52052052, 1.52252252, 1.52452452, 1.52652653, 1.52852853,
       1.53053053, 1.53253253, 1.53453453, 1.53653654, 1.53853854,
       1.54054054, 1.54254254, 1.54454454, 1.54654655, 1.54854855,
       1.55055055, 1.55255255, 1.55455455, 1.55655656, 1.55855856,
       1.56056056, 1.56256256, 1.56456456, 1.56656657, 1.56856857,
       1.57057057, 1.57257257, 1.57457457, 1.57657658, 1.57857858,
       1.58058058, 1.58258258, 1.58458458, 1.58658659, 1.58858859,
       1.59059059, 1.59259259, 1.59459459, 1.5965966 , 1.5985986 ,
       1.6006006 , 1.6026026 , 1.6046046 , 1.60660661, 1.60860861,
       1.61061061, 1.61261261, 1.61461461, 1.61661662, 1.61861862,
       1.62062062, 1.62262262, 1.62462462, 1.62662663, 1.62862863,
       1.63063063, 1.63263263, 1.63463463, 1.63663664, 1.63863864,
       1.64064064, 1.64264264, 1.64464464, 1.64664665, 1.64864865,
       1.65065065, 1.65265265, 1.65465465, 1.65665666, 1.65865866,
       1.66066066, 1.66266266, 1.66466466, 1.66666667, 1.66866867,
       1.67067067, 1.67267267, 1.67467467, 1.67667668, 1.67867868,
       1.68068068, 1.68268268, 1.68468468, 1.68668669, 1.68868869,
       1.69069069, 1.69269269, 1.69469469, 1.6966967 , 1.6986987 ,
       1.7007007 , 1.7027027 , 1.7047047 , 1.70670671, 1.70870871,
       1.71071071, 1.71271271, 1.71471471, 1.71671672, 1.71871872,
       1.72072072, 1.72272272, 1.72472472, 1.72672673, 1.72872873,
       1.73073073, 1.73273273, 1.73473473, 1.73673674, 1.73873874,
       1.74074074, 1.74274274, 1.74474474, 1.74674675, 1.74874875,
       1.75075075, 1.75275275, 1.75475475, 1.75675676, 1.75875876,
       1.76076076, 1.76276276, 1.76476476, 1.76676677, 1.76876877,
       1.77077077, 1.77277277, 1.77477477, 1.77677678, 1.77877878,
       1.78078078, 1.78278278, 1.78478478, 1.78678679, 1.78878879,
       1.79079079, 1.79279279, 1.79479479, 1.7967968 , 1.7987988 ,
       1.8008008 , 1.8028028 , 1.8048048 , 1.80680681, 1.80880881,
       1.81081081, 1.81281281, 1.81481481, 1.81681682, 1.81881882,
       1.82082082, 1.82282282, 1.82482482, 1.82682683, 1.82882883,
       1.83083083, 1.83283283, 1.83483483, 1.83683684, 1.83883884,
       1.84084084, 1.84284284, 1.84484484, 1.84684685, 1.84884885,
       1.85085085, 1.85285285, 1.85485485, 1.85685686, 1.85885886,
       1.86086086, 1.86286286, 1.86486486, 1.86686687, 1.86886887,
       1.87087087, 1.87287287, 1.87487487, 1.87687688, 1.87887888,
       1.88088088, 1.88288288, 1.88488488, 1.88688689, 1.88888889,
       1.89089089, 1.89289289, 1.89489489, 1.8968969 , 1.8988989 ,
       1.9009009 , 1.9029029 , 1.9049049 , 1.90690691, 1.90890891,
       1.91091091, 1.91291291, 1.91491491, 1.91691692, 1.91891892,
       1.92092092, 1.92292292, 1.92492492, 1.92692693, 1.92892893,
       1.93093093, 1.93293293, 1.93493493, 1.93693694, 1.93893894,
       1.94094094, 1.94294294, 1.94494494, 1.94694695, 1.94894895,
       1.95095095, 1.95295295, 1.95495495, 1.95695696, 1.95895896,
       1.96096096, 1.96296296, 1.96496496, 1.96696697, 1.96896897,
       1.97097097, 1.97297297, 1.97497497, 1.97697698, 1.97897898,
       1.98098098, 1.98298298, 1.98498498, 1.98698699, 1.98898899,
       1.99099099, 1.99299299, 1.99499499, 1.996997  , 1.998999  ,
       2.001001  , 2.003003  , 2.00500501, 2.00700701, 2.00900901,
       2.01101101, 2.01301301, 2.01501502, 2.01701702, 2.01901902,
       2.02102102, 2.02302302, 2.02502503, 2.02702703, 2.02902903,
       2.03103103, 2.03303303, 2.03503504, 2.03703704, 2.03903904,
       2.04104104, 2.04304304, 2.04504505, 2.04704705, 2.04904905,
       2.05105105, 2.05305305, 2.05505506, 2.05705706, 2.05905906,
       2.06106106, 2.06306306, 2.06506507, 2.06706707, 2.06906907,
       2.07107107, 2.07307307, 2.07507508, 2.07707708, 2.07907908,
       2.08108108, 2.08308308, 2.08508509, 2.08708709, 2.08908909,
       2.09109109, 2.09309309, 2.0950951 , 2.0970971 , 2.0990991 ,
       2.1011011 , 2.1031031 , 2.10510511, 2.10710711, 2.10910911,
       2.11111111, 2.11311311, 2.11511512, 2.11711712, 2.11911912,
       2.12112112, 2.12312312, 2.12512513, 2.12712713, 2.12912913,
       2.13113113, 2.13313313, 2.13513514, 2.13713714, 2.13913914,
       2.14114114, 2.14314314, 2.14514515, 2.14714715, 2.14914915,
       2.15115115, 2.15315315, 2.15515516, 2.15715716, 2.15915916,
       2.16116116, 2.16316316, 2.16516517, 2.16716717, 2.16916917,
